Company Name,Company Website
ALPHAHERD VETERINARY SOFTWARE PRIVATE LIMITED,https://in.linkedin.com/company/alphaherd
IPUVI SOLUTION PRIVATE LIMITED,www.ipuvi.com
DROPHIVE COMMERCE PRIVATE LIMITED,DROPHIVE COMMERCE PRIVATE LIMITED
CHILL CITY TECHNOLOGY PRIVATE LIMITED,https://www.raidotaxi.com/
CREATIK MULTI SERVICES PRIVATE LIMITED,creatikmultiservices.com
AHMAD ASSOCIATES PRIVATE LIMITED,WWW.AHMADASSOCIATES.IN
I2INTERFACES LLP,https://i2interfaces.com/
SMALBLU TECHNOLOGIES PRIVATE LIMITED,https://www.equipsetu.com/
ARTBYR TECH LLP,https://tailorswyft.com/
CHORD INNOVATION TECHNOLOGIES PRIVATE LIMITED,https://www.chhord.com/
TRISHULA TECHNOLOGIES PRIVATE LIMITED,https://www.mca.gov.in/content/mca/global/en/mca/master-data/MDS/company-master-info.html
WRITOMAT SOLUTIONS PRIVATE LIMITED,https://writomat.ai/
SEC AND DEVOPS AI PRIVATE LIMITED,https://devseccops.ai
BR DATA SOLUTIONS,https://www.brdata.in/#about
CONNECTSTREAM (OPC) PRIVATE LIMITED,www.connectstream.io/
ERAYAHA VENTURES LLP,erayaha.ai
RUPK CONNECT PRIVATE LIMITED,N/A
REVIEWNB DATA LABS LLP,https://www.reviewnb.com/
REPORDIME SYSTEMS INDIA PRIVATE LIMITED,repordime.com
TIGER MOBILITY SOLUTIONS PRIVATE LIMITED,www.tigercabs.com
EZEE DIGITAL SOLUTION PRIVATE LIMITED,www.ezeeprodigy.com
TECHXEDO NETWORKS PRIVATE LIMITED,https://techxedo.in/
BIGAPPLE SYSTEMS PRIVATE LIMITED,https://drerp.ai/
DEVSTAK TECHNOLOGIES PRIVATE LIMITED,https://scoutflo.com/
ZINO TECHNOLOGIES PRIVATE LIMITED,https://www.getzino.com/
AutoGrowth Private Limited,https://autogrowth.net
MyShowroom,www.mysr.io
OCDEN CYBERSECURITY SYSTEMS PRIVATE LIMITED,https://www.ocden.com
N3CLOUDS TECHNOLOGIES PRIVATE LIMITED,https://www.unifylist.com/
IDCSPROTECH SOLUTIONS PRIVATE LIMITED,www.dcspro.in
DEEPWORK TECHNOLOGIES PRIVATE LIMITED,https://floww.ai/
SURVHANA TECHNOLOGIES PRIVATE LIMITED,NA
SUTRAM SOLUTIONS PRIVATE LIMITED,https://sutramsolutions.com/
KAMENG TECHNOLOGIES PRIVATE LIMITED,www.leadstacts.com
ILOGICPLUS SOLUTIONS LLP,www.ilogicplus.com
XPECTRO SOLUTIONS (OPC) PRIVATE LIMITED,https://xpectro-solutions.com/
FEMLOGIC TECHNOLOGIES INDIA PRIVATE LIMITED,www.femlogic.in
LN INFOSPHERE TECHTRANSFORMERS PRIVATE LIMITED,https://complai.onrender.com
PROQX B2B PROCUREMENT PRIVATE LIMITED,https://www.proqx.com/
REINTELL SOFTTECH PRIVATE LIMITED,https://www.supereps.ai/
FXMEDIALAB,http://www.fxmedialab.com
REMEDIUS SOFTWORKS PRIVATE LIMITED,https://ficura.in/
VIRRAN TECH SOLUTIONS PRIVATE LIMITED,https://www.virrantech.com/
ASTRAOPS PRIVATE LIMITED,http://www.astraops.com/
SWIPPY TECH LLP,www.swippy.in
PLAYSUPER SOFTWARE SOLUTIONS PRIVATE LIMITED,https://playsuper.club/
NEURALSOFT PRIVATE LIMITED,nspltech.com
CRELT PRIVATE LIMITED,https://www.crelt.com/
BLUE DECIMAL TECHNOLOGIES PRIVATE LIMITED,https://bluedecimal.com/
NIMBUSONE TECHNOLOGIES PRIVATE LIMITED,www.nimbusone.co.in
GESTUREMINDS SOFTWARE PRIVATE LIMITED,https://www.clientkyc.com/
