Company Name,Website,Email IDs,Contact Numbers
ERAYAHA VENTURES LLP,http://erayaha.ai,,
DEALDOX SOFTWARE PRIVATE LIMITED,https://www.dealdox.io/,,
ZIPPYFIN SOLUTIONS LLP,https://www.zippyfin.io,"support@zippyfin.io, sales@zippyfin.io, support@zippyfin.iosales","02269621663, +91 022 48025701"
SOLWYZ TECHNOLOGIES PRIVATE LIMITED,http://www.solwyz.com,9778699266connect@solwyz.comUAERoom,
HUDDLZ CHAT TECHNOLOGIES PRIVATE LIMITED,https://huddlz-chat.notion.site/Huddlz-Chat-10a4e52b9f74808c8792e047c9b3e275,,
PET360 SOLUTIONS PRIVATE LIMITED,https://pet360assist.com,,
INTHES BIOTECH (OPC) PRIVATE LIMITED,http://NA,,
BHAVANTU SOFTWARE LLP,https://bhavantusoftware.com/,sales@bhavantusoftware.com,+91%2090998%2025657
CRELT PRIVATE LIMITED,https://www.crelt.com/,"sales@crelt.com, help@crelt.com",
BLUE DECIMAL TECHNOLOGIES PRIVATE LIMITED,https://bluedecimal.com/,,
NIMBUSONE TECHNOLOGIES PRIVATE LIMITED,http://www.nimbusone.co.in,,
GESTUREMINDS SOFTWARE PRIVATE LIMITED,https://www.clientkyc.com/,,
GUIDENCO SOFTWARE PRIVATE LIMITED,https://onvo.ai/,,
DATABUS TECHNOLOGY SOLUTIONS PRIVATE LIMITED,https://www.databus.co,,
WEBFREEZE SOLUTION PRIVATE LIMITED,http://travbizz.com/,info@travbizz.com,"+9-7011205338, +919521508406"
SHARP MINDS CLOUD TECH PRIVATE LIMITED,http://www.sharpmindscloudtech.com,info@smcloudtech.com,
CSTACK TECHNOLOGIES PRIVATE LIMITED,http://trypeach.io,,
SENYA SOLUTIONS PRIVATE LIMITED,https://www.franchisee.ai/,,
KODEWIN SOLUTIONS PRIVATE LIMITED,http://www.Kodewin.com,,
LABELBLIND SOLUTIONS PRIVATE LIMITED,https://foodlabelsolutions.com,ussupport@foodlabelsolutions.comMumbai,
VISTRIVE TECHNOLOGIES PRIVATE LIMITED,https://www.vistrivetech.com,,
ONEJAM CLOUDTECH PRIVATE LIMITED,https://onejam.io/,,
CONTRACTOR PLUS LLP,https://contractorplus.app/,,
MARKETRICS TECHNOLOGIES PRIVATE LIMITED,https://easyreplenish.com/,,
Telosa Services Pvt Ltd,http://www.telosa.review,,
Gway Tech Solutions Private Limited,https://gwayerp.com/,"info@gwayerp.com, mailinfo@gwayerp.com","+19793785363, +918925559875, +919176190007, +19853165976"
TRADEREBOOT TECH PRIVATE LIMITED,https://tradetech.tradereboot.com/home,,
GOLDENPEGASUS IT CONSULTING AND SERVICES PRIVATE LIMITED,https://www.thecompanycheck.com/people/goldenpegasus-it-consulting-and-services/U72900PN2023PTC217495,,
GLISTENINFO TECH INDIA LLP,https://glisteninfotech.com/,enquiry@glisteninfotech.com?subject=Oracle%20EBS%2FFusion%20Implementation%2FSupport%2FUpgrade&body=Dear%20Sir%20%2F%20Madam%2C%0A%0AWe%20have%20a%20requirement%20in%20Oracle%20EBS%2FFusion%20Implementation%2FSupport%2FUpgrade.%0A%0AContact%20us...%0A%0AWith%20Regards,+919843760027
T3WORKFORCE PRIVATE LIMITED,http://www.t3workforce.com,"jenna.dale@t3workforce.comAustraliaT, jenna.dale@t3workforce.com, amrendra@t3workforce.com",
ELEVENTS METAESTATE PRIVATE LIMITED,http://ELEVENTS METAESTATE PRIVATE LIMITED,,
IOO LABS PRIVATE LIMITED,https://ioolabs.com/,,
PERKI SOLUTIONS PRIVATE LIMITED,https://viasuccess.io/,,
FORGE AI PRIVATE LIMITED,https://www.empirical.run,,
YJK TECHNOLOGIES PRIVATE LIMITED,https://www.yjktechnologies.com/,Support@yjktechnologies.com,+91 98404 00787
ARRESTO SOLUTIONS PRIVATE LIMITED,https://arresto.in,connect@arresto.in,
REVRR TECHNOLOGIES PRIVATE LIMITED,https://revrr.ai/,,
RADIANCE LABS,https://glamcam.ai/,support@glamcam.ai,
QUODEWORKS CONSULTING LLP,https://quodeworks.com,,+918762107912
RATIOSPHERE TECHNOLOGIES PRIVATE LIMITED,http://www.ratiosphere.com,reserved.support@ratiosphere.com,
VWAVES TECHNOLOGIES PRIVATE LIMITED,https://visionwaves.com/,info@visionwaves.com,"+1 703-493-0685, +91 6232 963 036"
ShopIQ,https://shopiq.app/,,
EDUWITY SOLUTION PRIVATE LIMITED,http://eduwity.com,info@Eduwity.com,+91-9601489204
SAIS016 TECHNOLOGY SOLUTIONS PRIVATE LIMITED,https://www.datarenew.net/,"Info@datarenew.net, Info@datarenew.netBlogsGet",
BIG BEAR TECHNOLOGIES PRIVATE LIMITED,https://www.bigbeartech.in/,,
ARMPILOT TECHNOLOGIES PRIVATE LIMITED,https://armpilot.com/#/,,
PORTSTAY TECHNOLOGIES PRIVATE LIMITED,https://portstay.com,,
FLOYDEE INNOVATIONS PRIVATE LIMITED,http://NA,,
MSD BUSINESS SOLUTIONS PRIVATE LIMITED,http://MSD BUSINESS SOLUTIONS PRIVATE LIMITED,,
ROYALSOFT SERVICES PRIVATE LIMITED,https://www.falconebiz.com/company/ROYALSOFT-SERVICES-PRIVATE-LIMITED-U58200GJ2024PTC155372,,
IDAMUMAI TECHNOLOGIES PRIVATE LIMITED,https://www.responsus.in/,community@responsus.in,
REALLISTAI TECHNOLOGIES PRIVATE LIMITED,http://REALLISTAI TECHNOLOGIES PRIVATE LIMITED,,
SINGARA CHETTIAR (OPC) PRIVATE LIMITED,https://kfinsolutions.com/,support@kfinsolutions.com,
DEFENDSHIELD TECHNOLOGIES PRIVATE LIMITED,https://ampirial-labs.framer.website/,gautam@ampirial.com,
FLOURISHERS EDGE PRIVATE LIMITED,https://www.flourishersedge.com/,"Upinfo@flourishersedge.com, hr@flourishersedge.comS, info@flourishersedge.com",
COMPLYX TECH SOLUTION PRIVATE LIMITED,https://www.linkedin.com/company/complyxtech,,
INTIANT TECH PRIVATE LIMITED,https://www.intiant.com/,,
CLOUDFEN SOFTWARE SOLUTIONS PRIVATE LIMITED,https://cloudfen.com/index.html,"info@Cloudfen.com, info@cloudfen.com",
CAROL SOLUTIONS,http://www.carolsolutions.com,"lissamma@carolsolutions.com, marketing@numerique.com","+919846010135, 8884005050"
CODE 9 SOFTWARE TECHNOLOGIES & CONSULTANCY PRIVATE LIMITED,https://code9.cloud/,,
OTFCODER PRIVATE LIMITED,https://www.otfcoder.com,"raj.padhiar@otfcoder.com, emailjohnsmith@example.comPhone",+91-9316561141
BOOKSPOT TECHNOLOGIES PRIVATE LIMITED,http://bookspot.app,,
IOWARE DIGITAL SOLUTIONS LLP,https://ioxpert.com/,"ioxpert.ca@ioxpert.com, ioxpert.in@ioxpert.comCanada",
Macha Community,http://www.macha.ai,,
HOSTBET CLOUD TECHNOLOGIES PRIVATE LIMITED,https://www.hostbet.in/,,
learnyn technology park llp,https://www.learnyn.io,,
PRASHAAR INNOVATIONS PRIVATE LIMITED,https://prashaar.com/,,
SOFTNOVA LABS PRIVATE LIMITED,http://In development phase,,
TIFANTS INGRESS LLP,http://www.tifantsingress.com,hr@tifantsingress.com,+917709169289
CHAOS NUMERICS PRIVATE LIMITED,http://www.chaosnumerics.com,"info@chaosnumerics.com, info@chaosnumerics.comAbout, info@chaosnumerics.comLocation",
SERENSYNTH LABS PRIVATE LIMITED,https://www.goldlabsexpress.co.in/,atSupport@goldlabsexpress.co.in,
HYPERTEST INDIA PRIVATE LIMITED,https://www.hypertest.co/,"connect@hypertest.co, 618-4338connect@hypertest.coCopyright",+17186184338
Noblegiving Private Limited,https://www.noblegiving.in/,7411620955ng.support@noblegiving.inElectronic,
SALEAZY TECHNOLOGIES PRIVATE LIMITED,http://www.affluense.in,experience@affluense.in,
Sovrin,https://sovrin.one,,
HEXAGREEN CONSULTANCY PRIVATE LIMITED,https://www.pmpeople.ai/,info@pmpeople.ai,"+34 625 598 211, +91 96017 22014"
SPAREROWS TECHNOLOGY PRIVATE LIMITED,https://sparerows.com/,"contact@sparerows.com, sparerows@yahoo.com","%20+91%2092062%2006496, +91%2092062%2006496"
KIWIMESH TECHNOLOGIES PRIVATE LIMITED,https://kiwimesh.com,,
MASTERBITZ TECHNOLOGIES SOFTWARE SOLUTIONS PRIVATE LIMITED,https://www.masterbitztechnologies.com,,
QBEX PHARMA,https://www.qbexpharma.com/,,
PPLIO TECHNOLOGIES PRIVATE LIMITED,http://www.pplio.com,"sales@pplio.com, PPLIOsales@pplio.com",
ALMIGHTY CONSULTING SOLUTIONS PRIVATE LIMITED,https://www.almightycs.com/,info@almightycs.com,"+91 9033584086, //+91 90335 84086"
TECHRONYX SOLUTIONS PRIVATE LIMITED,https://techronyx.com/,admin@techronyx.com,"+91 7219150250, +91 721 9170250"
OPENSAAS SOLUTIONS PRIVATE LIMITED,http://www.cubiclespace.pro,,
TrustAdditive,https://trustadditive.com/,,
MOBILITYSQR SERVICES PRIVATE LIMITED,http://MOBILITYSQR SERVICES PRIVATE LIMITED,,
GEOMETRY SYSTEMS PRIVATE LIMITED,https://www.prism.net.in/,,
VERAHAAN HOSPITALITY TECH SOLUTIONS LLP,http://VERAHAAN HOSPITALITY TECH SOLUTIONS LLP,,
KARYAMSHA LABS PRIVATE LIMITED,https://karyah.app/,,
HOSIGENIE HOSPITALITY SERVICES PRIVATE LIMITED,http://www.mygenie.online,"support@mail.mygenie.online, customersupport@mygenie.online",+91 95795 04871
QUASITECH INNOVATIONS PRIVATE LIMITED,https://www.glyphhq.com,,
DATONIX SOFTWARE PRIVATE LIMITED,https://datonix.in/,,
YANTRA AI SOLUTIONS,https://www.yantraai.in/,,
INVINITY INDIA PRIVATE LIMITED,https://www.invinityindia.com/,,
SASTORM SOFTWARE INFOTECH PRIVATE LIMITED,https://sastormsoftware.com/,support@sastormsoftware.com,
KITESUITE SOFTECH PRIVATE LIMITED,https://kitesuite.com,,
HALL5 TECHNOLOGIES PRIVATE LIMITED,https://hoomanlabs.com/,,
AllThingsDev I atd,https://allthingsdev.co,"oneapi.project@gmail.com.Verified, Support@allthingsdev.co, support@crawler2api.com, support@crawler2api.com.Verified, kaushalsharma880@gmail.com, huojiecs@gmail.com",
EMEELAN SOLUTIONS PRIVATE LIMITED,https://www.emeelan.com/,,
DEIENAMI PRIVATE LIMITED,https://deienami.com,"hello@deienami.com?subject=Enquiry from website, 695581Phone.+919995618987Email.hello@deienami.com",+919995618987
SYSGENPRO SOFTWRAE PRIVATE LIMITED,http://WWW.SYSGENPRO.COM,info@sysgenpro.com,+917569846608
